{
    "stat": {
        "ru_self_end": {
            "ru_nivcsw": 4,
            "ru_utime_sec": 0.76162300000000005,
            "ru_stime_sec": 0.22536800000000001,
            "ru_minflt": 33051,
            "ru_maxrss_kb": 84084,
            "ru_majflt": 0,
            "ru_nvcsw": 40
        },
        "ru_childs_end": {
            "ru_nivcsw": 24,
            "ru_utime_sec": 0.055871999999999998,
            "ru_stime_sec": 0.141017,
            "ru_minflt": 11236,
            "ru_maxrss_kb": 21308,
            "ru_majflt": 0,
            "ru_nvcsw": 26
        },
        "cpu_cycles_end": 1413618559796532,
        "peak_mem_kb": 295376
    },
    "Modules": {
        "gpio": {
            "nMops": 1407,
            "Compiled Times": 67,
            "child_modules": {},
            "start_perf": [
                1.0846199989318848,
                0.60171200000000002,
                0.19956299999999999,
                285780,
                295376,
                1683129848.115674,
                1413618151580696
            ],
            "Compiled": "Yes",
            "end_perf": [
                1.0923900604248047,
                0.60753900000000005,
                0.20150499999999999,
                285976,
                295376,
                1413618168611457,
                42949672961,
                0
            ],
            "nQuads": 560,
            "nRouts": 53
        },
        "uart": {
            "nMops": 2477,
            "Compiled Times": 67,
            "child_modules": {},
            "start_perf": [
                1.107835054397583,
                0.62174300000000005,
                0.20274600000000001,
                285976,
                295376,
                1683129848.1388891,
                1413618202553190
            ],
            "Compiled": "Yes",
            "end_perf": [
                1.120452880859375,
                0.63362200000000002,
                0.203484,
                285976,
                295376,
                1413618230345569,
                55834574849,
                0
            ],
            "nQuads": 1181,
            "nRouts": 143
        },
        "...MASTER...": {
            "nMops": 0,
            "child_modules": {
                "std": 1,
                "tinyriscv_soc_tb": 1
            },
            "start_perf": [
                0.9897758960723877,
                0.53925900000000004,
                0.18033199999999999,
                282340,
                295376,
                1683129848.0208299,
                1413617942931968
            ],
            "end_perf": [
                1.0127859115600586,
                0.54205199999999998,
                0.18740000000000001,
                283772,
                295376,
                1413617993478054,
                0,
                0
            ],
            "nQuads": 0,
            "nRouts": 5
        },
        "alu_core": {
            "nMops": 1948,
            "Compiled Times": 67,
            "child_modules": {},
            "start_perf": [
                1.1206178665161133,
                0.63374900000000001,
                0.20352500000000001,
                285976,
                295376,
                1683129848.1516719,
                1413618230722503
            ],
            "Compiled": "Yes",
            "end_perf": [
                1.1295819282531738,
                0.64072200000000001,
                0.205514,
                285976,
                295376,
                1413618250501476,
                60129542145,
                0
            ],
            "nQuads": 711,
            "nRouts": 38
        },
        "std": {
            "start_perf": [
                1.0130760669708252,
                0.54226799999999997,
                0.187475,
                283772,
                295376,
                1683129848.0441301,
                1413617994090828
            ],
            "nMops": 528,
            "child_modules": {},
            "Compiled Times": 67,
            "svclass": [
                "$vcs_nba_dyn_obj",
                0,
                35,
                2,
                2,
                0,
                "sigprop$$",
                0,
                35,
                2,
                2,
                0,
                "process",
                0,
                200,
                8,
                8,
                0,
                "event",
                0,
                34,
                2,
                2,
                0,
                "mailbox",
                0,
                140,
                9,
                9,
                0,
                "semaphore",
                0,
                84,
                5,
                5,
                0
            ],
            "Compiled": "Yes",
            "end_perf": [
                1.0222280025482178,
                0.54736700000000005,
                0.191528,
                283788,
                295376,
                1413618014251410,
                8589934594,
                0
            ],
            "nQuads": 218,
            "nRouts": 33
        },
        "spi": {
            "nMops": 1750,
            "Compiled Times": 67,
            "child_modules": {},
            "start_perf": [
                1.0925569534301758,
                0.60766500000000001,
                0.201547,
                285976,
                295376,
                1683129848.123611,
                1413618168987453
            ],
            "Compiled": "Yes",
            "end_perf": [
                1.1022059917449951,
                0.61641100000000004,
                0.20244799999999999,
                285976,
                295376,
                1413618190203612,
                47244640257,
                0
            ],
            "nQuads": 780,
            "nRouts": 97
        },
        "writeback": {
            "nMops": 416,
            "Compiled Times": 67,
            "child_modules": {},
            "start_perf": [
                1.1570520401000977,
                0.66433900000000001,
                0.209367,
                286204,
                295376,
                1683129848.1881061,
                1413618310829969
            ],
            "Compiled": "Yes",
            "end_perf": [
                1.1605579853057861,
                0.66772900000000002,
                0.209483,
                286204,
                295376,
                1413618318617333,
                111669149697,
                0
            ],
            "nQuads": 205,
            "nRouts": 16
        },
        "if_fc": {
            "nMops": 1317,
            "Compiled Times": 67,
            "child_modules": {},
            "start_perf": [
                1.1437709331512451,
                0.65273400000000004,
                0.20769099999999999,
                286204,
                295376,
                1683129848.174825,
                1413618281610844
            ],
            "Compiled": "Yes",
            "end_perf": [
                1.151047945022583,
                0.65933200000000003,
                0.208369,
                286204,
                295376,
                1413618297648009,
                98784247809,
                0
            ],
            "nQuads": 637,
            "nRouts": 92
        },
        "full_handshake_rx": {
            "nMops": 686,
            "Compiled Times": 67,
            "child_modules": {},
            "start_perf": [
                1.0224099159240723,
                0.54750200000000004,
                0.191575,
                283788,
                295376,
                1683129848.0534639,
                1413618014618458
            ],
            "Compiled": "Yes",